{"lang": ["ar", "bn", "en", "es", "fa", "fi", "fr", "hi", "id", "ja", "ko", "ru", "sw", "te", "th", "zh"], "recall": [0.9417, 0.9259, 0.8224, 0.9153, 0.9259, 0.9509, 0.9506, 0.8867, 0.8158, 0.9045, 0.8795, 0.8786, 0.8985, 0.9316, 0.8777, 0.9758], "ndcg": [0.7304, 0.6873, 0.3661, 0.6235, 0.5736, 0.748, 0.5637, 0.6023, 0.5157, 0.6348, 0.6267, 0.5782, 0.5738, 0.7126, 0.6576, 0.5717], "Avg": {"recall": 0.9050875, "ndcg": 0.6103749999999999}}