{"lang": ["ar", "bn", "en", "es", "fa", "fi", "fr", "hi", "id", "ja", "ko", "ru", "sw", "te", "th", "zh"], "recall": [0.9377, 0.9229, 0.8224, 0.9134, 0.9265, 0.9434, 0.9477, 0.8858, 0.7935, 0.8988, 0.8803, 0.8771, 0.8767, 0.9147, 0.8527, 0.9716], "ndcg": [0.7319, 0.6922, 0.3661, 0.6322, 0.5713, 0.7368, 0.5706, 0.602, 0.5146, 0.6362, 0.627, 0.5807, 0.5532, 0.7046, 0.6445, 0.5646], "Avg": {"recall": 0.8978250000000001, "ndcg": 0.60803125}}