{"lang": ["ar", "bn", "en", "es", "fa", "fi", "fr", "hi", "id", "ja", "ko", "ru", "sw", "te", "th", "zh"], "recall": [0.9383, 0.9209, 0.8224, 0.917, 0.929, 0.9398, 0.9484, 0.8827, 0.7889, 0.8992, 0.8803, 0.8773, 0.8752, 0.905, 0.8495, 0.9748], "ndcg": [0.7318, 0.6941, 0.3661, 0.6385, 0.5775, 0.7309, 0.5717, 0.6023, 0.5134, 0.6338, 0.627, 0.5826, 0.5429, 0.7017, 0.6422, 0.566], "Avg": {"recall": 0.8967937500000001, "ndcg": 0.6076562500000001}}