{"lang": ["ar", "bn", "en", "es", "fa", "fi", "fr", "hi", "id", "ja", "ko", "ru", "sw", "te", "th", "zh"], "recall": [0.9566, 0.9336, 0.8224, 0.9537, 0.9255, 0.9535, 0.9596, 0.9371, 0.8769, 0.9051, 0.9041, 0.8762, 0.9104, 0.9491, 0.9026, 0.9758], "ndcg": [0.7024, 0.657, 0.3661, 0.5219, 0.4679, 0.735, 0.5302, 0.5051, 0.5318, 0.6233, 0.621, 0.5622, 0.5998, 0.6527, 0.6587, 0.5774], "Avg": {"recall": 0.9213874999999999, "ndcg": 0.5820312500000001}}