{"lang": ["ar", "bn", "en", "es", "fa", "fi", "fr", "hi", "id", "ja", "ko", "ru", "sw", "te", "th", "zh"], "recall": [0.9397, 0.9292, 0.8224, 0.9469, 0.9342, 0.896, 0.9705, 0.9115, 0.7694, 0.9041, 0.9015, 0.8736, 0.731, 0.875, 0.8197, 0.9859], "ndcg": [0.6746, 0.6552, 0.3661, 0.6386, 0.5852, 0.6764, 0.5158, 0.6224, 0.4537, 0.5746, 0.6005, 0.527, 0.4708, 0.6606, 0.598, 0.5531], "Avg": {"recall": 0.8881625, "ndcg": 0.5732875000000002}}