{"lang": ["ar", "bn", "en", "es", "fa", "fi", "fr", "hi", "id", "ja", "ko", "ru", "sw", "te", "th", "zh"], "recall": [0.9382, 0.9184, 0.8224, 0.9188, 0.931, 0.9388, 0.9484, 0.8827, 0.7891, 0.8967, 0.8803, 0.8779, 0.8685, 0.9022, 0.8477, 0.9735], "ndcg": [0.7303, 0.6916, 0.3661, 0.6396, 0.5777, 0.7289, 0.5722, 0.6031, 0.5121, 0.6306, 0.6248, 0.5818, 0.5403, 0.6995, 0.6388, 0.568], "Avg": {"recall": 0.8959125, "ndcg": 0.6065875}}