{"lang": ["ar", "bn", "en", "es", "fa", "fi", "fr", "hi", "id", "ja", "ko", "ru", "sw", "te", "th", "zh"], "recall": [0.9535, 0.9349, 0.8224, 0.9195, 0.9254, 0.9565, 0.9447, 0.8953, 0.8514, 0.912, 0.891, 0.8866, 0.9173, 0.9424, 0.8955, 0.9663], "ndcg": [0.7336, 0.6918, 0.3661, 0.618, 0.5634, 0.7548, 0.5594, 0.6036, 0.5262, 0.6365, 0.6217, 0.5756, 0.583, 0.7202, 0.6654, 0.5606], "Avg": {"recall": 0.9134187500000001, "ndcg": 0.6112437499999999}}