{
    "lang": ["ar", "bn", "en", "es", "fa", "fi", "fr", "hi", "id", "ja", "ko", "ru", "sw", "te", "th", "zh"], 
    "recall": [0.9626, 0.9552, 0.8206, 0.9426, 0.9347, 0.9338, 0.9758, 0.9346, 0.9033, 0.9028, 0.8991, 0.8698, 0.746, 0.9189, 0.9165, 0.9905], 
    "ndcg": [0.6279, 0.6141, 0.3514, 0.6053, 0.5069, 0.6333, 0.547, 0.5253, 0.5055, 0.5264, 0.5825, 0.4757, 0.427, 0.6281, 0.56, 0.6135], 
    "Avg": {"recall": 0.912925, "ndcg": 0.5456187499999999}
}