{
    "lang": ["ar", "bn", "en", "es", "fa", "fi", "fr", "hi", "id", "ja", "ko", "ru", "sw", "te", "th", "zh"], 
    "recall": [0.9613, 0.9514, 0.8158, 0.9419, 0.9202, 0.9359, 0.9753, 0.9355, 0.8975, 0.8914, 0.8977, 0.8212, 0.7485, 0.9165, 0.9108, 0.9872], 
    "ndcg": [0.6238, 0.5673, 0.3655, 0.5681, 0.4307, 0.6328, 0.5556, 0.5262, 0.4969, 0.4842, 0.4998, 0.4528, 0.4169, 0.6252, 0.5269, 0.58], 
    "Avg": {"recall": 0.90675625, "ndcg": 0.5220437499999999}
}